tool		Theta 6.4.0	Theta 6.4.0	Theta 6.4.0	Theta 6.4.0
run set		SV-COMP24_unreach-call.ReachSafety-Heap	SV-COMP24_unreach-call.ReachSafety-Heap	SV-COMP24_unreach-call.ReachSafety-Heap	SV-COMP24_unreach-call.ReachSafety-Heap
../sv-benchmarks/c/ldv-regression/		status	cputime (s)	walltime (s)	memory (MB)
test09.yml	true	Parsing OK	9.588714	5.523447196000006	343.601152
test15.yml	true	Parsing OK	9.032375	5.486138375999985	335.151104
just_assert.yml	true	true	4.736001	2.7204878530000087	405.999616
volatile_alias.yml	true	Parsing OK	8.066293	5.144708536999985	341.004288
mutex_lock_int.c_1.yml	true	Parsing OK	9.125275	5.421552958000007	339.247104
oomInt.yml	true	true	5.153285	2.6070928639999806	413.433856
test16.yml	true	Parsing OK	8.929813	5.428718273000015	336.015360
mutex_lock_int.yml	false	Parsing OK	8.589251	5.269220437000001	341.991424
test18.yml	true	Parsing OK	3.587533	1.6747736030000056	229.564416
volatile_alias.c_1.yml	true	Parsing OK	8.120529	5.130809871999986	326.750208
callfpointer.yml	false	Parsing OK	7.801985	4.895894923000014	350.470144
