tool		Theta 5.0.0	Theta 5.0.0	Theta 5.0.0	Theta 5.0.0
run set		SV-COMP24_unreach-call.ReachSafety-ECA	SV-COMP24_unreach-call.ReachSafety-ECA	SV-COMP24_unreach-call.ReachSafety-ECA	SV-COMP24_unreach-call.ReachSafety-ECA
../sv-benchmarks/c/		status	cputime (s)	walltime (s)	memory (MB)
eca-rers2012/Problem06_label18.yml	true	TIMEOUT	120.669194	94.21987035000001	5567.401984
eca-rers2012/Problem06_label11.yml	false	TIMEOUT	120.365756	92.82600292500001	4317.605888
eca-programs/Problem101_label07.yml	false	TIMEOUT	121.624214	70.06773987500003	13265.080320
eca-rers2012/Problem05_label44.yml	false	TIMEOUT	120.416141	91.81868799400002	4695.252992
eca-rers2012/Problem04_label05.yml	true	TIMEOUT	121.024458	99.74227015399993	3036.012544
eca-rers2012/Problem18_label36.yml	false	TIMEOUT	120.816498	105.38040298500005	1142.177792
eca-rers2012/Problem06_label57.yml	true	TIMEOUT	120.439105	92.95637263699996	4333.207552
eca-rers2012/Problem16_label24.yml	true	TIMEOUT	120.664609	108.24984775199982	808.103936
eca-rers2012/Problem19_label22.yml	false	TIMEOUT	120.235758	95.56950665299996	5204.893696
eca-rers2012/Problem18_label55.yml	false	TIMEOUT	120.821162	105.40646867800001	1094.172672
