tool		Theta 6.4.0	Theta 6.4.0	Theta 6.4.0	Theta 6.4.0
run set		SV-COMP24_unreach-call.ReachSafety-Heap	SV-COMP24_unreach-call.ReachSafety-Heap	SV-COMP24_unreach-call.ReachSafety-Heap	SV-COMP24_unreach-call.ReachSafety-Heap
../sv-benchmarks/c/ldv-regression/		status	cputime (s)	walltime (s)	memory (MB)
test09.yml	true	Parsing OK	8.025432	4.271041905000004	348.033024
test15.yml	true	Parsing OK	7.393906	4.174054309999974	338.432000
just_assert.yml	true	true	5.263352	2.543256363000012	445.587456
volatile_alias.yml	true	Parsing OK	6.746059	4.0221697129999825	332.533760
mutex_lock_int.c_1.yml	true	Parsing OK	7.793668	4.2460830830000305	350.490624
oomInt.yml	true	true	5.809795	2.924334105000014	444.514304
test16.yml	true	Parsing OK	7.723588	4.237571104999972	330.891264
mutex_lock_int.yml	false	Parsing OK	7.751053	4.246533223000029	342.294528
test18.yml	true	Parsing OK	2.9962	1.372848433999991	234.409984
volatile_alias.c_1.yml	true	Parsing OK	6.92293	4.041668053999956	340.025344
callfpointer.yml	false	true	7.615552	4.176366123999969	338.440192
