tool		Theta 5.0.0	Theta 5.0.0	Theta 5.0.0	Theta 5.0.0
run set		SV-COMP24_unreach-call.ReachSafety-ECA	SV-COMP24_unreach-call.ReachSafety-ECA	SV-COMP24_unreach-call.ReachSafety-ECA	SV-COMP24_unreach-call.ReachSafety-ECA
../sv-benchmarks/c/		status	cputime (s)	walltime (s)	memory (MB)
eca-rers2012/Problem06_label18.yml	true	TIMEOUT	121.106449	74.58036533699999	5883.924480
eca-rers2012/Problem06_label11.yml	false	TIMEOUT	120.162188	68.89840033799999	6906.396672
eca-programs/Problem101_label07.yml	false	TIMEOUT	121.605312	70.37652950200004	13710.155776
eca-rers2012/Problem05_label44.yml	false	TIMEOUT	122.964794	71.381584084	6117.388288
eca-rers2012/Problem04_label05.yml	true	TIMEOUT	120.674951	73.07108289000007	3908.583424
eca-rers2012/Problem18_label36.yml	false	TIMEOUT	120.596671	62.512387965000016	3450.269696
eca-rers2012/Problem06_label57.yml	true	TIMEOUT	120.813905	65.03928009999993	7525.691392
eca-rers2012/Problem16_label24.yml	true	TIMEOUT	120.650288	92.23194968299993	2399.432704
eca-rers2012/Problem19_label22.yml	false	TIMEOUT	121.135878	72.569154497	6822.350848
eca-rers2012/Problem18_label55.yml	false	TIMEOUT	120.667551	57.365283180000006	3148.283904
