tool		Theta 6.3.4	Theta 6.3.4	Theta 6.3.4	Theta 6.3.4
run set		SV-COMP24_unreach-call.ReachSafety-Heap	SV-COMP24_unreach-call.ReachSafety-Heap	SV-COMP24_unreach-call.ReachSafety-Heap	SV-COMP24_unreach-call.ReachSafety-Heap
../sv-benchmarks/c/ldv-regression/		status	cputime (s)	walltime (s)	memory (MB)
test09.yml	true	true	9.118891	4.655167020999954	368.336896
test15.yml	true	true	7.741976	4.135209840000016	348.737536
just_assert.yml	true	true	4.582652	2.6877837000000113	451.121152
volatile_alias.yml	true	true	7.345331	4.041180398999984	341.647360
mutex_lock_int.c_1.yml	true	true	8.019544	4.211041521000027	351.744000
oomInt.yml	true	true	5.372992	2.9051049909999733	459.399168
test16.yml	true	true	8.27446	4.269795936999969	356.405248
mutex_lock_int.yml	false	false(unreach-call)	7.912442	4.197403834999989	350.875648
test18.yml	true	true	4.078803	1.7066985910000199	252.698624
volatile_alias.c_1.yml	true	true	7.168621	4.016658086000007	337.059840
callfpointer.yml	false	Parsing OK	7.479216	4.192099707000011	356.134912
