tool		Theta 6.5.1	Theta 6.5.1	Theta 6.5.1	Theta 6.5.1
run set		SV-COMP24_unreach-call.ReachSafety-Heap	SV-COMP24_unreach-call.ReachSafety-Heap	SV-COMP24_unreach-call.ReachSafety-Heap	SV-COMP24_unreach-call.ReachSafety-Heap
../sv-benchmarks/c/ldv-regression/		status	cputime (s)	walltime (s)	memory (MB)
test09.yml	true	true	8.648309	4.702423807999992	382.767104
test15.yml	true	true	8.210606	4.323303162999991	370.331648
just_assert.yml	true	true	4.767586	2.683619264000015	454.148096
volatile_alias.yml	true	true	7.107307	4.068655763000038	373.174272
mutex_lock_int.c_1.yml	true	true	7.921416	4.323951506000014	372.989952
oomInt.yml	true	true	5.373511	3.0179705200000058	474.554368
test16.yml	true	true	7.694698	4.231518580999989	368.726016
mutex_lock_int.yml	false	false(unreach-call)	7.528825	4.256486565999978	374.460416
test18.yml	true	true	4.083713	1.7352540379999937	267.845632
volatile_alias.c_1.yml	true	true	7.568344	4.116930744000001	358.330368
callfpointer.yml	false	Parsing OK	7.232602	4.221294424000007	371.548160
