tool		Theta 6.5.2	Theta 6.5.2	Theta 6.5.2	Theta 6.5.2
run set		SV-COMP24_unreach-call.ReachSafety-Heap	SV-COMP24_unreach-call.ReachSafety-Heap	SV-COMP24_unreach-call.ReachSafety-Heap	SV-COMP24_unreach-call.ReachSafety-Heap
../sv-benchmarks/c/ldv-regression/		status	cputime (s)	walltime (s)	memory (MB)
test09.yml	true	true	9.316952	4.6458842650000065	378.380288
test15.yml	true	true	8.280573	4.3210001869999815	371.187712
just_assert.yml	true	true	4.724884	2.7358810079999785	459.309056
volatile_alias.yml	true	true	7.598045	4.096734123000033	368.521216
mutex_lock_int.c_1.yml	true	true	7.95674	4.292588320999982	377.282560
oomInt.yml	true	true	5.336107	2.9794536640000047	476.110848
test16.yml	true	true	8.532787	4.356368241000041	368.078848
mutex_lock_int.yml	false	false(unreach-call)	8.049603	4.279641153	384.073728
test18.yml	true	true	4.316777	1.7528288220000263	261.844992
volatile_alias.c_1.yml	true	true	7.468963	4.072968125000045	369.696768
callfpointer.yml	false	Parsing OK	7.879385	4.315990204999991	370.556928
