tool		Theta 6.5.1	Theta 6.5.1	Theta 6.5.1	Theta 6.5.1
run set		SV-COMP24_unreach-call.ReachSafety-Heap	SV-COMP24_unreach-call.ReachSafety-Heap	SV-COMP24_unreach-call.ReachSafety-Heap	SV-COMP24_unreach-call.ReachSafety-Heap
../sv-benchmarks/c/ldv-regression/		status	cputime (s)	walltime (s)	memory (MB)
test09.yml	true	Parsing OK	7.629273	4.297315552999976	363.233280
test15.yml	true	Parsing OK	7.184197	4.168955058999984	350.347264
just_assert.yml	true	true	5.413213	2.783865832999993	450.920448
volatile_alias.yml	true	Parsing OK	6.939693	4.10577600900001	357.093376
mutex_lock_int.c_1.yml	true	Parsing OK	7.377205	4.291842089999989	361.709568
oomInt.yml	true	true	5.276181	2.743807409999988	431.816704
test16.yml	true	Parsing OK	7.448829	4.276791220999996	353.746944
mutex_lock_int.yml	false	Parsing OK	7.586158	4.227682262999963	350.007296
test18.yml	true	Parsing OK	3.104081	1.379730338999991	237.621248
volatile_alias.c_1.yml	true	Parsing OK	6.672034	4.032901744999947	353.431552
callfpointer.yml	false	true	7.197026	4.2575839040000005	363.663360
