tool		Theta 6.3.4	Theta 6.3.4	Theta 6.3.4	Theta 6.3.4
run set		SV-COMP24_unreach-call.ReachSafety-Heap	SV-COMP24_unreach-call.ReachSafety-Heap	SV-COMP24_unreach-call.ReachSafety-Heap	SV-COMP24_unreach-call.ReachSafety-Heap
../sv-benchmarks/c/ldv-regression/		status	cputime (s)	walltime (s)	memory (MB)
test09.yml	true	Parsing OK	8.28142	4.385446643000023	347.258880
test15.yml	true	Parsing OK	7.507379	4.1993928640000036	346.501120
just_assert.yml	true	true	4.646641	2.6660838799999738	403.558400
volatile_alias.yml	true	Parsing OK	6.929359	4.032322210000018	333.029376
mutex_lock_int.c_1.yml	true	Parsing OK	7.78522	4.29008570000002	350.179328
oomInt.yml	true	true	5.870496	3.0026898020000203	435.245056
test16.yml	true	Parsing OK	7.761953	4.246643516999995	341.446656
mutex_lock_int.yml	false	Parsing OK	7.667455	4.2432120540000255	335.331328
test18.yml	true	Parsing OK	3.152317	1.3909532129999889	230.506496
volatile_alias.c_1.yml	true	Parsing OK	6.981875	4.105553808000025	331.001856
callfpointer.yml	false	true	7.593435	4.2018314340000416	337.289216
