tool		Theta 6.4.0	Theta 6.4.0	Theta 6.4.0	Theta 6.4.0
run set		SV-COMP24_unreach-call.ReachSafety-Heap	SV-COMP24_unreach-call.ReachSafety-Heap	SV-COMP24_unreach-call.ReachSafety-Heap	SV-COMP24_unreach-call.ReachSafety-Heap
../sv-benchmarks/c/ldv-regression/		status	cputime (s)	walltime (s)	memory (MB)
test09.yml	true	true	9.138165	4.628862007000009	361.357312
test15.yml	true	true	8.30868	4.337171141999988	345.882624
just_assert.yml	true	true	4.83179	2.742361512000002	441.135104
volatile_alias.yml	true	true	7.265921	4.2038284360000375	353.882112
mutex_lock_int.c_1.yml	true	true	8.280594	4.560566002999963	366.940160
oomInt.yml	true	true	5.469503	3.044828366000047	474.521600
test16.yml	true	true	8.092112	4.4178566690000025	348.020736
mutex_lock_int.yml	false	false(unreach-call)	7.872412	4.348100665000004	353.243136
test18.yml	true	true	4.257132	1.7549617969999645	259.432448
volatile_alias.c_1.yml	true	true	7.335956	4.177666595000005	350.552064
callfpointer.yml	false	Parsing OK	7.391919	4.263563928000053	361.664512
