tool		Theta 6.5.2	Theta 6.5.2	Theta 6.5.2	Theta 6.5.2
run set		SV-COMP24_unreach-call.ReachSafety-Heap	SV-COMP24_unreach-call.ReachSafety-Heap	SV-COMP24_unreach-call.ReachSafety-Heap	SV-COMP24_unreach-call.ReachSafety-Heap
../sv-benchmarks/c/ldv-regression/		status	cputime (s)	walltime (s)	memory (MB)
test09.yml	true	Parsing OK	9.114271	5.470403957999963	349.347840
test15.yml	true	Parsing OK	8.751095	5.381399552999994	346.406912
just_assert.yml	true	true	4.803572	2.479157311999984	402.522112
volatile_alias.yml	true	Parsing OK	8.268221	5.2866884599999935	339.206144
mutex_lock_int.c_1.yml	true	Parsing OK	8.841802	5.408120760000031	350.502912
oomInt.yml	true	true	5.343967	2.731889197999976	423.682048
test16.yml	true	Parsing OK	8.738066	5.28390067600003	344.072192
mutex_lock_int.yml	false	Parsing OK	8.591488	5.3525441780000165	356.253696
test18.yml	true	Parsing OK	3.607967	1.6681546099999878	246.923264
volatile_alias.c_1.yml	true	Parsing OK	8.209703	5.130214131999992	345.468928
callfpointer.yml	false	Parsing OK	7.822397	4.847526910999989	346.112000
